entity_id,question_label,response_text,education_id,education_level,theme_label,feedback_id
1470157558564695757,Entity Name,-,5.0,-,general_feedback,483
1469278379855037409,Address 1,-,5.0,-,general_feedback,3701
1470157558564695309,Address 2,-,5.0,-,general_feedback,3745
1470157558564695309,Address 2,-,5.0,-,general_feedback,3746
1470157558564695309,Address 2,-,5.0,-,general_feedback,3747
1470157558564695309,Address 2,-,5.0,-,general_feedback,3748
1470157558564694946,Address 2,-,5.0,-,general_feedback,3751
1470157558564694946,Address 2,-,5.0,-,general_feedback,3752
1470157558564694946,Address 2,-,5.0,-,general_feedback,3753
1470157558564694946,Address 2,-,5.0,-,general_feedback,3754
1470157558564694699,Address 2,-,5.0,-,general_feedback,3756
1470157558564694968,Address 2,-,5.0,-,general_feedback,3757
1470157558564695065,Address 2,-,5.0,-,general_feedback,3759
1470157558564695215,Address 2,-,5.0,-,general_feedback,3761
1470157558564694722,Address 2,-,5.0,-,general_feedback,3763
1470157558564694722,Address 2,-,5.0,-,general_feedback,3764
1470157558564694903,Address 2,-,5.0,-,general_feedback,3765
1470157558564694972,Address 2,-,5.0,-,general_feedback,3766
1470157558564695074,Address 2,-,5.0,-,general_feedback,3769
1470157558564694799,Address 2,-,5.0,-,general_feedback,3770
1470157558564695163,Address 2,-,5.0,-,general_feedback,3771
1470157558564695952,Address 2,-,5.0,-,general_feedback,3772
1470157558564695873,Address 2,-,5.0,-,general_feedback,3773
1470157558564695063,Address 2,-,5.0,-,general_feedback,3774
1470157558564695879,Address 2,-,5.0,-,general_feedback,3775
1470157558564695879,Address 2,-,5.0,-,general_feedback,3776
1470157558564695991,Address 2,-,5.0,-,general_feedback,3779
1470157558564695965,Address 2,-,5.0,-,general_feedback,3780
1470157558564695965,Address 2,-,5.0,-,general_feedback,3781
1470157558564695191,Address 2,-,5.0,-,general_feedback,3785
1470157558564695191,Address 2,-,5.0,-,general_feedback,3786
1470157558564695307,Address 2,-,5.0,-,general_feedback,3790
1470157558564695573,Address 2,-,5.0,-,general_feedback,3791
1470157558564695554,Address 2,-,5.0,-,general_feedback,3792
1470157558564695390,Address 2,-,5.0,-,general_feedback,3793
1470157558564695569,Address 2,-,5.0,-,general_feedback,3794
1470157558564695628,Address 2,-,5.0,-,general_feedback,3797
1470157558564695658,Address 2,-,5.0,-,general_feedback,3800
1470157558564695658,Address 2,-,5.0,-,general_feedback,3801
1470157558564695386,Address 2,-,5.0,-,general_feedback,3802
1470157558564695386,Address 2,-,5.0,-,general_feedback,3803
1470157558564695504,Address 2,-,5.0,-,general_feedback,3804
1470157558564695504,Address 2,-,5.0,-,general_feedback,3805
1470157558564695504,Address 2,-,5.0,-,general_feedback,3806
1470157558564695096,Address 2,-,5.0,-,general_feedback,3807
1470157558564695096,Address 2,-,5.0,-,general_feedback,3808
1470157558564695337,Address 2,-,5.0,-,general_feedback,3809
1470157558564695757,Address 2,-,5.0,-,general_feedback,3811
1469278379855009927,Address 2,-,5.0,-,general_feedback,3883
1469278379855014199,Address 2,-,5.0,-,general_feedback,3925
1469883818362504409,Address 2,-,5.0,-,general_feedback,3945
1469278379855005212,Address 2,-,5.0,-,general_feedback,3968
1469278379855005212,Address 2,-,5.0,-,general_feedback,3969
1469278379855038122,Address 2,-,5.0,-,general_feedback,4106
1469278379855037403,Address 2,-,5.0,-,general_feedback,4115
1469278379855038672,Address 2,-,5.0,-,general_feedback,4116
1469278379855037409,Address 2,-,5.0,-,general_feedback,4117
1469278379855037391,Address 2,-,5.0,-,general_feedback,4132
1469278379855013741,Address 2,-,5.0,-,general_feedback,4136
1469278379855036603,Address 2,-,5.0,-,general_feedback,4142
1469278379855036960,Address 2,-,5.0,-,general_feedback,4146
1469278379855036960,Address 2,-,5.0,-,general_feedback,4147
1469278379855036789,Address 2,-,5.0,-,general_feedback,4148
1469278379855037002,Address 2,-,5.0,-,general_feedback,4149
1469278379855004455,Address 2,-,5.0,-,general_feedback,4153
1469278379855004455,Year Started,-,5.0,-,general_feedback,5401
1470157558564694722,Identification ID,-,5.0,-,general_feedback,7507
1470157558564694722,Identification ID,-,5.0,-,general_feedback,7508
1470157558564694799,Identification ID,-,5.0,-,general_feedback,7514
1470157558564695658,Identification ID,-,5.0,-,general_feedback,7544
1470157558564695658,Identification ID,-,5.0,-,general_feedback,7545
1470157558564695757,Identification ID,-,5.0,-,general_feedback,7555
1469278379854677182,Local Group,-,5.0,-,general_feedback,8018
1469278379854638365,Local Group,-,5.0,-,general_feedback,8115
1469883818362505115,Local Group,-,5.0,-,general_feedback,8242
1469883818362505118,Local Group,-,5.0,-,general_feedback,8243
1469278379855040198,Local Group,-,5.0,-,general_feedback,8270
1469278379854782610,Local Group,-,5.0,-,general_feedback,8283
1469278379854782303,Upload evidence,-,5.0,-,general_feedback,9263
1469278379854782856,Upload evidence,-,5.0,-,general_feedback,9270
1469278379855038442,Upload evidence,-,5.0,-,general_feedback,9471
1469278379855037409,Upload evidence,-,5.0,-,general_feedback,9525
